INSERT INTO OWNERS(ID, NAME)
VALUES ('09876548901234567890123456789991', 'qwerty123'),
       ('09876548901234567890123456789992', 'gradle!@'),
       ('09876548901234567890123456789993', 'klark321');

INSERT INTO TENANTS(ID, NAME)
VALUES ('19876548901234567890123456789992', 'Morty25'),
       ('29876548901234567890123456789992', 'maven32'),
       ('39876548901234567890123456789992', 'random99');

INSERT INTO APARTMENTS(ID, NAME, PRICE_FOR_DAY, DESCRIPTION, SURFACE, OWNER_ID)
VALUES ('1ae88fa038b011ec8d3d0242ac130001', 'Krysztalowy', '30000', 'Random opis 1', '65',
        '09876548901234567890123456789991'),
       ('1ae88fa038b011ec8d3d0242ac130002', 'Szmaragdowy', '12000', 'Random opis 2', '30',
        '09876548901234567890123456789992'),
       ('1ae88fa038b011ec8d3d0242ac130003', 'Ametystowy', '21000', 'Random opis 3', '43',
        '09876548901234567890123456789993'),
       ('1ae88fa038b011ec8d3d0242ac130004', 'Stary', '42000', 'Random opis 4', '76',
        '09876548901234567890123456789991');

INSERT INTO BOOKINGS(ID, OWNER_ID, APARTMENT_ID, CHECK_IN_DATE, CHECK_OUT_DATE, TENANT_ID, PRICE)
VALUES ('01234567890123456789012345678888', '09876548901234567890123456789991', '1ae88fa038b011ec8d3d0242ac130001',
        '2021-10-01', '2021-10-03', '19876548901234567890123456789992', '90000'),
       ('01234567890123456789012345678889', '09876548901234567890123456789992', '1ae88fa038b011ec8d3d0242ac130002',
        '2021-10-01', '2021-10-03', '29876548901234567890123456789992', '36000'),
       ('01234567890123456789012345678887', '09876548901234567890123456789993', '1ae88fa038b011ec8d3d0242ac130001',
        '2021-11-01', '2021-11-05', '39876548901234567890123456789992', '150000');